<?xml version="1.0" encoding="utf-8"?>
<ModelInformation Version="1.0">
  <Model>
    <P Name="MdlSubVersion">1</P>
    <P Name="SavedCharacterEncoding">windows-1252</P>
    <P Name="ScopeRefreshTime">0.035000</P>
    <P Name="OverrideScopeRefreshTime">on</P>
    <P Name="DisableAllScopes">off</P>
    <P Name="DataTypeOverride">UseLocalSettings</P>
    <P Name="DataTypeOverrideAppliesTo">AllNumericTypes</P>
    <P Name="MinMaxOverflowLogging">UseLocalSettings</P>
    <P Name="MinMaxOverflowArchiveMode">Overwrite</P>
    <P Name="FPTRunName">Run 1</P>
    <P Name="MaxMDLFileLineLength">120</P>
    <P Name="LastSavedArchitecture">win64</P>
    <Object PropName="BdWindowsInfo" ObjectID="1" ClassName="Simulink.BDWindowsInfo">
      <Object PropName="WindowsInfo" ObjectID="2" ClassName="Simulink.WindowInfo">
        <P Name="IsActive" Class="logical">1</P>
        <P Name="Location" Class="double">[-8.0, -8.0, 1382.0, 744.0]</P>
        <Object PropName="ModelBrowserInfo" ObjectID="3" ClassName="Simulink.ModelBrowserInfo">
          <P Name="Visible" Class="logical">0</P>
          <P Name="DockPosition" Class="char">Left</P>
          <P Name="Width" Class="int32">50</P>
          <P Name="Height" Class="int32">50</P>
          <P Name="Filter" Class="int32">9</P>
        </Object>
        <Object PropName="ExplorerBarInfo" ObjectID="4" ClassName="Simulink.ExplorerBarInfo">
          <P Name="Visible" Class="logical">1</P>
        </Object>
        <Object PropName="EditorsInfo" ObjectID="5" ClassName="Simulink.EditorInfo">
          <P Name="IsActive" Class="logical">1</P>
          <P Name="ViewObjType" Class="char">SimulinkTopLevel</P>
          <P Name="LoadSaveID" Class="char">0</P>
          <P Name="Extents" Class="double">[1332.0, 569.0]</P>
          <P Name="ZoomFactor" Class="double">1.5</P>
          <P Name="Offset" Class="double">[450.36665770212824, 140.41666743556627]</P>
        </Object>
      </Object>
    </Object>
    <ConfigManagerSettings>
      <P Name="UpdateHistory">UpdateHistoryNever</P>
      <P Name="ModifiedByFormat">%&lt;Auto&gt;</P>
      <P Name="ModifiedDateFormat">%&lt;Auto&gt;</P>
      <P Name="RTWModifiedTimeStamp">517801335</P>
      <P Name="ModelVersionFormat">1.%&lt;AutoIncrement:2&gt;</P>
    </ConfigManagerSettings>
    <EditorSettings>
      <P Name="SampleTimeColors">off</P>
      <P Name="SampleTimeAnnotations">off</P>
      <P Name="LibraryLinkDisplay">disabled</P>
      <P Name="WideLines">off</P>
      <P Name="ShowLineDimensions">off</P>
      <P Name="ShowPortDataTypes">off</P>
      <P Name="ShowEditTimeErrors">on</P>
      <P Name="ShowEditTimeWarnings">off</P>
      <P Name="ShowEditTimeAdvisorChecks">off</P>
      <P Name="ShowPortUnits">off</P>
      <P Name="ShowDesignRanges">off</P>
      <P Name="ShowLoopsOnError">on</P>
      <P Name="IgnoreBidirectionalLines">off</P>
      <P Name="ShowStorageClass">off</P>
      <P Name="ShowTestPointIcons">on</P>
      <P Name="ShowSignalResolutionIcons">on</P>
      <P Name="ShowViewerIcons">on</P>
      <P Name="SortedOrder">off</P>
      <P Name="VariantCondition">off</P>
      <P Name="ExecutionContextIcon">off</P>
      <P Name="ShowLinearizationAnnotations">on</P>
      <P Name="ShowVisualizeInsertedRTB">on</P>
      <P Name="ShowMarkup">on</P>
      <P Name="BlockNameDataTip">off</P>
      <P Name="BlockParametersDataTip">off</P>
      <P Name="BlockDescriptionStringDataTip">off</P>
      <P Name="ToolBar">on</P>
      <P Name="StatusBar">on</P>
      <P Name="BrowserShowLibraryLinks">off</P>
      <P Name="FunctionConnectors">off</P>
      <P Name="BrowserLookUnderMasks">off</P>
    </EditorSettings>
    <SimulationSettings>
      <P Name="SimulationMode">normal</P>
      <P Name="PauseTimes">5</P>
      <P Name="NumberOfSteps">1</P>
      <P Name="SnapshotBufferSize">10</P>
      <P Name="SnapshotInterval">10</P>
      <P Name="NumberOfLastSnapshots">0</P>
      <P Name="LinearizationMsg">none</P>
      <P Name="Profile">off</P>
      <P Name="ParamWorkspaceSource">MATLABWorkspace</P>
      <P Name="AccelSystemTargetFile">accel.tlc</P>
      <P Name="AccelTemplateMakefile">accel_default_tmf</P>
      <P Name="AccelMakeCommand">make_rtw</P>
      <P Name="TryForcingSFcnDF">off</P>
      <Object PropName="DataLoggingOverride" ObjectID="6" ClassName="Simulink.SimulationData.ModelLoggingInfo">
        <P Name="model_" Class="char">Chaine_de_transmissio_1</P>
        <P Name="overrideMode_" Class="uint32">0U</P>
        <Array PropName="logAsSpecifiedByModels_" Type="Cell" Dimension="1*1">
          <Cell Class="char">Chaine_de_transmissio_1</Cell>
        </Array>
        <Array PropName="logAsSpecifiedByModelsSSIDs_" Type="Cell" Dimension="1*1">
          <Cell Class="double">[]</Cell>
        </Array>
      </Object>
    </SimulationSettings>
    <ExternalMode>
      <P Name="ExtModeBatchMode">off</P>
      <P Name="ExtModeEnableFloating">on</P>
      <P Name="ExtModeTrigType">manual</P>
      <P Name="ExtModeTrigMode">normal</P>
      <P Name="ExtModeTrigPort">1</P>
      <P Name="ExtModeTrigElement">any</P>
      <P Name="ExtModeTrigDuration">1000</P>
      <P Name="ExtModeTrigDurationFloating">auto</P>
      <P Name="ExtModeTrigHoldOff">0</P>
      <P Name="ExtModeTrigDelay">0</P>
      <P Name="ExtModeTrigDirection">rising</P>
      <P Name="ExtModeTrigLevel">0</P>
      <P Name="ExtModeArchiveMode">off</P>
      <P Name="ExtModeAutoIncOneShot">off</P>
      <P Name="ExtModeIncDirWhenArm">off</P>
      <P Name="ExtModeAddSuffixToVar">off</P>
      <P Name="ExtModeWriteAllDataToWs">off</P>
      <P Name="ExtModeArmWhenConnect">on</P>
      <P Name="ExtModeSkipDownloadWhenConnect">off</P>
      <P Name="ExtModeLogAll">on</P>
      <P Name="ExtModeAutoUpdateStatusClock">on</P>
    </ExternalMode>
    <ModelReferenceSettings>
      <P Name="ShowModelReferenceBlockVersion">off</P>
      <P Name="ShowModelReferenceBlockIO">off</P>
    </ModelReferenceSettings>
    <ConcurrentExecutionSettings>
      <Object PropName="DataTransfer" ObjectID="7" ClassName="Simulink.GlobalDataTransfer">
        <P Name="DefaultTransitionBetweenSyncTasks" Class="char">Ensure deterministic transfer (maximum delay)</P>
        <P Name="DefaultTransitionBetweenAsyncTasks" Class="char">Ensure data integrity only</P>
        <P Name="DefaultTransitionBetweenContTasks" Class="char">Ensure deterministic transfer (minimum delay)</P>
        <P Name="DefaultExtrapolationMethodBetweenContTasks" Class="char">None</P>
        <P Name="AutoInsertRateTranBlk" Class="logical">0</P>
      </Object>
      <P Name="ExplicitPartitioning">off</P>
    </ConcurrentExecutionSettings>
    <SystemDefaults>
      <P Name="PaperOrientation">landscape</P>
      <P Name="PaperPositionMode">auto</P>
      <P Name="PaperType">usletter</P>
      <P Name="PaperUnits">inches</P>
      <P Name="TiledPaperMargins">[0.500000, 0.500000, 0.500000, 0.500000]</P>
      <P Name="TiledPageScale">1</P>
      <P Name="ShowPageBoundaries">off</P>
      <P Name="ModelBrowserVisibility">off</P>
      <P Name="ModelBrowserWidth">200</P>
      <P Name="ScreenColor">white</P>
    </SystemDefaults>
    <BlockDefaults>
      <P Name="ForegroundColor">black</P>
      <P Name="BackgroundColor">white</P>
      <P Name="DropShadow">off</P>
      <P Name="NamePlacement">normal</P>
      <P Name="FontName">Helvetica</P>
      <P Name="FontSize">10</P>
      <P Name="FontWeight">normal</P>
      <P Name="FontAngle">normal</P>
      <P Name="ShowName">on</P>
      <P Name="BlockRotation">0</P>
      <P Name="BlockMirror">off</P>
    </BlockDefaults>
    <AnnotationDefaults>
      <P Name="HorizontalAlignment">center</P>
      <P Name="VerticalAlignment">middle</P>
      <P Name="ForegroundColor">black</P>
      <P Name="BackgroundColor">white</P>
      <P Name="DropShadow">off</P>
      <P Name="FontName">Helvetica</P>
      <P Name="FontSize">10</P>
      <P Name="FontWeight">normal</P>
      <P Name="FontAngle">normal</P>
      <P Name="UseDisplayTextAsClickCallback">off</P>
    </AnnotationDefaults>
    <LineDefaults>
      <P Name="FontName">Helvetica</P>
      <P Name="FontSize">9</P>
      <P Name="FontWeight">normal</P>
      <P Name="FontAngle">normal</P>
    </LineDefaults>
    <MaskDefaults>
      <P Name="SelfModifiable">off</P>
      <P Name="IconFrame">on</P>
      <P Name="IconOpaque">opaque</P>
      <P Name="RunInitForIconRedraw">off</P>
      <P Name="IconRotate">none</P>
      <P Name="PortRotate">default</P>
      <P Name="IconUnits">autoscale</P>
    </MaskDefaults>
    <MaskParameterDefaults>
      <P Name="Evaluate">on</P>
      <P Name="Tunable">on</P>
      <P Name="NeverSave">off</P>
      <P Name="Internal">off</P>
      <P Name="ReadOnly">off</P>
      <P Name="Enabled">on</P>
      <P Name="Visible">on</P>
      <P Name="ToolTip">on</P>
    </MaskParameterDefaults>
    <BlockParameterDefaults>
      <Block BlockType="ConstellationDiagram">
        <P Name="DefaultConfigurationName">comm.scopes.ConstellationDiagramBlockCfg</P>
      </Block>
      <Block BlockType="Display">
        <P Name="Format">short</P>
        <P Name="Decimation">10</P>
        <P Name="Floating">off</P>
        <P Name="Lockdown">off</P>
        <P Name="SampleTime">-1</P>
      </Block>
      <Block BlockType="EyeDiagram">
        <P Name="DefaultConfigurationName">comm.scopes.EyeDiagramBlockCfg</P>
      </Block>
      <Block BlockType="Scope">
        <P Name="DefaultConfigurationName">Simulink.scopes.TimeScopeBlockCfg</P>
        <P Name="NumInputPorts">1</P>
        <P Name="Floating">off</P>
      </Block>
      <Block BlockType="Unbuffer">
        <P Name="ic">0</P>
        <P Name="SampleBasedProcessing">Pass through (this choice will be removed - see release notes)</P>
      </Block>
    </BlockParameterDefaults>
    <System>
      <P Name="Location">[-8, -8, 1374, 736]</P>
      <P Name="Open">on</P>
      <P Name="TiledPaperMargins">[0.500000, 0.500000, 0.500000, 0.500000]</P>
      <P Name="ZoomFactor">150</P>
      <P Name="ReportName">simulink-default.rpt</P>
      <P Name="SIDHighWatermark">27</P>
      <Block BlockType="Reference" Name="AWGN&#xA;Channel" SID="4">
        <P Name="Ports">[1, 1]</P>
        <P Name="Position">[535, 136, 630, 194]</P>
        <P Name="ZOrder">8</P>
        <P Name="LibraryVersion">1.472</P>
        <P Name="UserDataPersistent">on</P>
        <P Name="UserData" Ref="bdmxdata:UserData_4"></P>
        <P Name="SourceBlock">commchan3/AWGN
Channel</P>
        <P Name="SourceType">AWGN Channel</P>
        <InstanceData>
          <P Name="ContentPreviewEnabled">off</P>
          <P Name="InputProcessing">Columns as channels (frame based)</P>
          <P Name="seed">67</P>
          <P Name="noiseMode">Signal to noise ratio  (Eb/No)</P>
          <P Name="EbNodB">20</P>
          <P Name="EsNodB">10</P>
          <P Name="SNRdB">10</P>
          <P Name="bitsPerSym">log2(M)</P>
          <P Name="Ps">0.3</P>
          <P Name="Tsym">1e-6</P>
          <P Name="variance">1</P>
        </InstanceData>
      </Block>
      <Block BlockType="ConstellationDiagram" Name="Constellation Diagram" SID="8">
        <P Name="Ports">[1]</P>
        <P Name="Position">[440, 287, 500, 343]</P>
        <P Name="ZOrder">12</P>
        <P Name="ScopeSpecificationString">comm.scopes.ConstellationDiagramBlockCfg(&apos;CurrentConfiguration&apos;, extmgr.ConfigurationSet(extmgr.Configuration(&apos;Core&apos;,&apos;General UI&apos;,true),extmgr.Configuration(&apos;Core&apos;,&apos;Source UI&apos;,true),extmgr.Configuration(&apos;Sources&apos;,&apos;WiredSimulink&apos;,true),extmgr.Configuration(&apos;Visuals&apos;,&apos;Constellation&apos;,true,&apos;MinYLim&apos;,&apos;-1.0984&apos;,&apos;MaxYLim&apos;,&apos;1.3284&apos;,&apos;MinXLim&apos;,&apos;-1.3169&apos;,&apos;MaxXLim&apos;,&apos;1.1099&apos;,&apos;LineProperties&apos;,struct(&apos;DisplayName&apos;,&apos;&apos;,&apos;Color&apos;,[1 1 0.0666666666666667],&apos;LineStyle&apos;,&apos;none&apos;,&apos;LineWidth&apos;,0.5,&apos;Marker&apos;,&apos;.&apos;,&apos;MarkerSize&apos;,6,&apos;MarkerEdgeColor&apos;,&apos;auto&apos;,&apos;MarkerFaceColor&apos;,&apos;none&apos;,&apos;Visible&apos;,&apos;on&apos;),&apos;AuxLineProperties&apos;,struct(&apos;LineColor&apos;,[1 1 0.0666666666666667],&apos;LineStyle&apos;,&apos;none&apos;,&apos;TrajLineWidth&apos;,0.5,&apos;RefConStyle&apos;,&apos;+&apos;,&apos;RefConSize&apos;,6,&apos;RefConColor&apos;,[1 0 0],&apos;RefConLineWidth&apos;,0.5),&apos;AxesProperties&apos;,struct(&apos;Color&apos;,[0 0 0],&apos;XColor&apos;,[0.686274509803922 0.686274509803922 0.686274509803922],&apos;YColor&apos;,[0.686274509803922 0.686274509803922 0.686274509803922],&apos;ZColor&apos;,[0.686274509803922 0.686274509803922 0.686274509803922]),&apos;EVMNormalization&apos;,&apos;PeakPower&apos;,&apos;LastShowRefConstellation&apos;,false,&apos;LineStyle&apos;,&apos;-&apos;,&apos;Trajectory&apos;,true,&apos;MeasurementMode&apos;,true),extmgr.Configuration(&apos;Tools&apos;,&apos;Measurements&apos;,true,&apos;Version&apos;,&apos;2016a&apos;,&apos;Measurements&apos;,struct(&apos;signalquality&apos;,[])),extmgr.Configuration(&apos;Tools&apos;,&apos;Plot Navigation&apos;,true,&apos;PreviousAutoscale&apos;,&apos;X&apos;,&apos;AutoscaleMode&apos;,&apos;Auto&apos;,&apos;PreviousZoomMode&apos;,&apos;Pan&apos;),extmgr.Configuration(&apos;Sources&apos;,&apos;Simulink&apos;,false),extmgr.Configuration(&apos;Visuals&apos;,&apos;Eye Diagram&apos;,false),extmgr.Configuration(&apos;Visuals&apos;,&apos;Spectrum&apos;,false),extmgr.Configuration(&apos;Visuals&apos;,&apos;Array Plot&apos;,false),extmgr.Configuration(&apos;Tools&apos;,&apos;Image Tool&apos;,false),extmgr.Configuration(&apos;Tools&apos;,&apos;Pixel Region&apos;,false),extmgr.Configuration(&apos;Tools&apos;,&apos;Image Navigation Tools&apos;,false),extmgr.Configuration(&apos;Visuals&apos;,&apos;Video&apos;,false),extmgr.Configuration(&apos;Visuals&apos;,&apos;PhasedMatrix&apos;,false),extmgr.Configuration(&apos;Visuals&apos;,&apos;IntensityVisual&apos;,false),extmgr.Configuration(&apos;Visuals&apos;,&apos;ScenarioVisual&apos;,false),extmgr.Configuration(&apos;Visuals&apos;,&apos;Logic Analyzer&apos;,false),extmgr.Configuration(&apos;Sources&apos;,&apos;SimulinkEvent&apos;,false),extmgr.Configuration(&apos;Visuals&apos;,&apos;TimeVisual&apos;,false),extmgr.Configuration(&apos;Tools&apos;,&apos;Requirement viewer&apos;,false),extmgr.Configuration(&apos;Tools&apos;,&apos;Check block zoom&apos;,false),extmgr.Configuration(&apos;Sources&apos;,&apos;File&apos;,false),extmgr.Configuration(&apos;Sources&apos;,&apos;Workspace&apos;,false),extmgr.Configuration(&apos;Sources&apos;,&apos;Streaming&apos;,false),extmgr.Configuration(&apos;Visuals&apos;,&apos;Time Domain&apos;,false),extmgr.Configuration(&apos;Visuals&apos;,&apos;Matrix&apos;,false),extmgr.Configuration(&apos;Tools&apos;,&apos;Instrumentation Sets&apos;,false),extmgr.Configuration(&apos;Sources&apos;,&apos;SPTool&apos;,false),extmgr.Configuration(&apos;Visuals&apos;,&apos;BodeVisual&apos;,false),extmgr.Configuration(&apos;Visuals&apos;,&apos;PZMapVisual&apos;,false),extmgr.Configuration(&apos;Visuals&apos;,&apos;NicholsVisual&apos;,false),extmgr.Configuration(&apos;Visuals&apos;,&apos;MarginsVisual&apos;,false),extmgr.Configuration(&apos;Visuals&apos;,&apos;SigmaVisual&apos;,false),extmgr.Configuration(&apos;Visuals&apos;,&apos;LinearStepVisual&apos;,false),extmgr.Configuration(&apos;Tools&apos;,&apos;Response Optimization&apos;,false)),&apos;Version&apos;,&apos;2016a&apos;,&apos;Position&apos;,[206 321 668 300])</P>
      </Block>
      <Block BlockType="ConstellationDiagram" Name="Constellation Diagram1" SID="9">
        <P Name="Ports">[1]</P>
        <P Name="Position">[805, 287, 865, 343]</P>
        <P Name="ZOrder">13</P>
        <P Name="ScopeSpecificationString">comm.scopes.ConstellationDiagramBlockCfg(&apos;CurrentConfiguration&apos;, extmgr.ConfigurationSet(extmgr.Configuration(&apos;Core&apos;,&apos;General UI&apos;,true),extmgr.Configuration(&apos;Core&apos;,&apos;Source UI&apos;,true),extmgr.Configuration(&apos;Sources&apos;,&apos;WiredSimulink&apos;,true),extmgr.Configuration(&apos;Visuals&apos;,&apos;Constellation&apos;,true,&apos;MinYLim&apos;,&apos;-0.88388&apos;,&apos;MaxYLim&apos;,&apos;0.88388&apos;,&apos;MinXLim&apos;,&apos;-0.88388&apos;,&apos;MaxXLim&apos;,&apos;0.88388&apos;,&apos;LineStyle&apos;,&apos;-&apos;,&apos;LineProperties&apos;,struct(&apos;DisplayName&apos;,&apos;&apos;,&apos;Color&apos;,[1 1 0.0666666666666667],&apos;LineStyle&apos;,&apos;none&apos;,&apos;LineWidth&apos;,0.5,&apos;Marker&apos;,&apos;.&apos;,&apos;MarkerSize&apos;,6,&apos;MarkerEdgeColor&apos;,&apos;auto&apos;,&apos;MarkerFaceColor&apos;,&apos;none&apos;,&apos;Visible&apos;,&apos;on&apos;),&apos;AuxLineProperties&apos;,struct(&apos;LineColor&apos;,[1 1 0.0666666666666667],&apos;LineStyle&apos;,&apos;none&apos;,&apos;TrajLineWidth&apos;,0.5,&apos;RefConStyle&apos;,&apos;+&apos;,&apos;RefConSize&apos;,6,&apos;RefConColor&apos;,[1 0 0],&apos;RefConLineWidth&apos;,0.5),&apos;AxesProperties&apos;,struct(&apos;Color&apos;,[0 0 0],&apos;XColor&apos;,[0.686274509803922 0.686274509803922 0.686274509803922],&apos;YColor&apos;,[0.686274509803922 0.686274509803922 0.686274509803922],&apos;ZColor&apos;,[0.686274509803922 0.686274509803922 0.686274509803922]),&apos;Trajectory&apos;,true),extmgr.Configuration(&apos;Tools&apos;,&apos;Measurements&apos;,true,&apos;Version&apos;,&apos;2016a&apos;),extmgr.Configuration(&apos;Tools&apos;,&apos;Plot Navigation&apos;,true,&apos;PreviousAutoscale&apos;,&apos;X&apos;)),&apos;Version&apos;,&apos;2016a&apos;,&apos;Position&apos;,[894 239 410 300])</P>
      </Block>
      <Block BlockType="Display" Name="Display" SID="10">
        <P Name="Ports">[1]</P>
        <P Name="Position">[1080, 120, 1155, 190]</P>
        <P Name="ZOrder">14</P>
        <P Name="Decimation">1</P>
      </Block>
      <Block BlockType="Display" Name="Display1" SID="18">
        <P Name="Ports">[1]</P>
        <P Name="Position">[670, 450, 760, 480]</P>
        <P Name="ZOrder">22</P>
        <P Name="Decimation">1</P>
      </Block>
      <Block BlockType="Display" Name="Display2" SID="19">
        <P Name="Ports">[1]</P>
        <P Name="Position">[775, 395, 865, 425]</P>
        <P Name="ZOrder">23</P>
        <P Name="Decimation">1</P>
      </Block>
      <Block BlockType="Display" Name="Display3" SID="23">
        <P Name="Ports">[1]</P>
        <P Name="Position">[1150, 407, 1245, 443]</P>
        <P Name="ZOrder">27</P>
        <P Name="Decimation">1</P>
      </Block>
      <Block BlockType="Reference" Name="Error Rate&#xA;Calculation" SID="7">
        <P Name="Ports">[2, 1]</P>
        <P Name="Position">[930, 127, 1005, 178]</P>
        <P Name="ZOrder">11</P>
        <P Name="LibraryVersion">1.340</P>
        <P Name="SourceBlock">commsink2/Error Rate
Calculation</P>
        <P Name="SourceType">Error Rate Calculation</P>
        <InstanceData>
          <P Name="N">10</P>
          <P Name="st_delay">0</P>
          <P Name="cp_mode">Entire frame</P>
          <P Name="subframe">[]</P>
          <P Name="PMode">Port</P>
          <P Name="WsName">ErrorVec</P>
          <P Name="RsMode2">off</P>
          <P Name="stop">on</P>
          <P Name="numErr">2500</P>
          <P Name="maxBits">1e6</P>
        </InstanceData>
      </Block>
      <Block BlockType="EyeDiagram" Name="Eye Diagram" SID="11">
        <P Name="Ports">[1]</P>
        <P Name="Position">[685, 287, 745, 343]</P>
        <P Name="ZOrder">15</P>
        <P Name="ScopeSpecificationString">comm.scopes.EyeDiagramBlockCfg(&apos;CurrentConfiguration&apos;, extmgr.ConfigurationSet(extmgr.Configuration(&apos;Core&apos;,&apos;General UI&apos;,true),extmgr.Configuration(&apos;Core&apos;,&apos;Source UI&apos;,true),extmgr.Configuration(&apos;Sources&apos;,&apos;WiredSimulink&apos;,true),extmgr.Configuration(&apos;Sources&apos;,&apos;Simulink&apos;,false),extmgr.Configuration(&apos;Sources&apos;,&apos;File&apos;,false),extmgr.Configuration(&apos;Sources&apos;,&apos;Workspace&apos;,false),extmgr.Configuration(&apos;Sources&apos;,&apos;Streaming&apos;,false),extmgr.Configuration(&apos;Sources&apos;,&apos;SPTool&apos;,false),extmgr.Configuration(&apos;Visuals&apos;,&apos;Eye Diagram&apos;,true,&apos;EyeDisplay&apos;,&apos;InPhaseOnly&apos;,&apos;AxesProperties&apos;,struct(&apos;AxesColor&apos;,[0 0 0],&apos;XYZColor&apos;,[0.686274509803922 0.686274509803922 0.686274509803922],&apos;BackgroundColor&apos;,[0 0 0]),&apos;MinYLim&apos;,&apos;-1.771&apos;,&apos;MaxYLim&apos;,&apos;1.7566&apos;,&apos;LineProperties&apos;,struct(&apos;DisplayName&apos;,&apos;&apos;,&apos;Color&apos;,[1 1 0.0667],&apos;LineStyle&apos;,&apos;-&apos;,&apos;LineWidth&apos;,0.5,&apos;Marker&apos;,&apos;none&apos;,&apos;MarkerSize&apos;,6,&apos;MarkerEdgeColor&apos;,&apos;auto&apos;,&apos;MarkerFaceColor&apos;,&apos;none&apos;,&apos;Visible&apos;,&apos;on&apos;)),extmgr.Configuration(&apos;Visuals&apos;,&apos;Time Domain&apos;,false),extmgr.Configuration(&apos;Visuals&apos;,&apos;Matrix&apos;,false),extmgr.Configuration(&apos;Visuals&apos;,&apos;Logic Analyzer&apos;,false),extmgr.Configuration(&apos;Visuals&apos;,&apos;Spectrum&apos;,false),extmgr.Configuration(&apos;Visuals&apos;,&apos;Array Plot&apos;,false),extmgr.Configuration(&apos;Visuals&apos;,&apos;Constellation&apos;,false),extmgr.Configuration(&apos;Tools&apos;,&apos;Plot Navigation&apos;,true,&apos;OnceAtStop&apos;,false),extmgr.Configuration(&apos;Tools&apos;,&apos;Measurements&apos;,true,&apos;Version&apos;,&apos;2016a&apos;),extmgr.Configuration(&apos;Tools&apos;,&apos;Instrumentation Sets&apos;,false)),&apos;Version&apos;,&apos;2016a&apos;,&apos;Position&apos;,[1 41 1366 651])</P>
      </Block>
      <Block BlockType="EyeDiagram" Name="Eye Diagram1" SID="12">
        <P Name="Ports">[1]</P>
        <P Name="Position">[555, 287, 615, 343]</P>
        <P Name="ZOrder">16</P>
        <P Name="ScopeSpecificationString">comm.scopes.EyeDiagramBlockCfg(&apos;CurrentConfiguration&apos;, extmgr.ConfigurationSet(extmgr.Configuration(&apos;Core&apos;,&apos;General UI&apos;,true),extmgr.Configuration(&apos;Core&apos;,&apos;Source UI&apos;,true),extmgr.Configuration(&apos;Sources&apos;,&apos;WiredSimulink&apos;,true),extmgr.Configuration(&apos;Sources&apos;,&apos;Simulink&apos;,false),extmgr.Configuration(&apos;Sources&apos;,&apos;File&apos;,false),extmgr.Configuration(&apos;Sources&apos;,&apos;Workspace&apos;,false),extmgr.Configuration(&apos;Sources&apos;,&apos;Streaming&apos;,false),extmgr.Configuration(&apos;Sources&apos;,&apos;SPTool&apos;,false),extmgr.Configuration(&apos;Visuals&apos;,&apos;Eye Diagram&apos;,true,&apos;EyeDisplay&apos;,&apos;InPhaseOnly&apos;,&apos;AxesProperties&apos;,struct(&apos;AxesColor&apos;,[0 0 0],&apos;XYZColor&apos;,[0.686274509803922 0.686274509803922 0.686274509803922],&apos;BackgroundColor&apos;,[0 0 0]),&apos;MinYLim&apos;,&apos;-0.58694&apos;,&apos;MaxYLim&apos;,&apos;0.62526&apos;,&apos;LineProperties&apos;,struct(&apos;DisplayName&apos;,&apos;&apos;,&apos;Color&apos;,[1 1 0.0667],&apos;LineStyle&apos;,&apos;-&apos;,&apos;LineWidth&apos;,0.5,&apos;Marker&apos;,&apos;none&apos;,&apos;MarkerSize&apos;,6,&apos;MarkerEdgeColor&apos;,&apos;auto&apos;,&apos;MarkerFaceColor&apos;,&apos;none&apos;,&apos;Visible&apos;,&apos;on&apos;)),extmgr.Configuration(&apos;Visuals&apos;,&apos;Time Domain&apos;,false),extmgr.Configuration(&apos;Visuals&apos;,&apos;Matrix&apos;,false),extmgr.Configuration(&apos;Visuals&apos;,&apos;Logic Analyzer&apos;,false),extmgr.Configuration(&apos;Visuals&apos;,&apos;Spectrum&apos;,false),extmgr.Configuration(&apos;Visuals&apos;,&apos;Array Plot&apos;,false),extmgr.Configuration(&apos;Visuals&apos;,&apos;Constellation&apos;,false),extmgr.Configuration(&apos;Tools&apos;,&apos;Plot Navigation&apos;,true,&apos;OnceAtStop&apos;,false),extmgr.Configuration(&apos;Tools&apos;,&apos;Measurements&apos;,true,&apos;Version&apos;,&apos;2016a&apos;),extmgr.Configuration(&apos;Tools&apos;,&apos;Instrumentation Sets&apos;,false)),&apos;Version&apos;,&apos;2016a&apos;,&apos;Position&apos;,[500 122 410 300])</P>
      </Block>
      <Block BlockType="Reference" Name="Find Delay" SID="22">
        <P Name="Ports">[2, 1]</P>
        <P Name="Position">[1045, 403, 1125, 447]</P>
        <P Name="ZOrder">26</P>
        <P Name="LibraryVersion">1.278</P>
        <P Name="SourceBlock">commutil2/Find Delay</P>
        <P Name="SourceType">Find Delay</P>
        <InstanceData>
          <P Name="ContentPreviewEnabled">off</P>
          <P Name="corrLength">2000</P>
          <P Name="chgSigOP">off</P>
          <P Name="stopUpdate">off</P>
          <P Name="numConstDelay">3</P>
        </InstanceData>
      </Block>
      <Block BlockType="Reference" Name="M-PSK&#xA;Demodulator&#xA;Baseband" SID="3">
        <P Name="Ports">[1, 1]</P>
        <P Name="Position">[795, 140, 870, 190]</P>
        <P Name="ZOrder">7</P>
        <P Name="LibraryVersion">1.592</P>
        <P Name="SourceBlock">commdigbbndpm3/M-PSK
Demodulator
Baseband</P>
        <P Name="SourceType">M-PSK Demodulator Baseband</P>
        <InstanceData>
          <P Name="M">M</P>
          <P Name="OutType">Integer</P>
          <P Name="DecType">Hard decision</P>
          <P Name="VarSource">Dialog</P>
          <P Name="Variance">1</P>
          <P Name="Dec">Gray</P>
          <P Name="Mapping">[0:7]</P>
          <P Name="Ph">0</P>
          <P Name="outDtype1">Inherit via internal rule</P>
          <P Name="outDtype2">Inherit via internal rule</P>
          <P Name="derotateFactorDTMode">Same word length as input</P>
          <P Name="derotateFactorWordLen">16</P>
          <P Name="derotateFactorDataTypeStr">Inherit: Same word length as input</P>
          <P Name="derotateFactorLastDataTypeStr">Inherit: Same word length as input</P>
        </InstanceData>
      </Block>
      <Block BlockType="Reference" Name="M-PSK&#xA;Modulator&#xA;Baseband" SID="2">
        <P Name="Ports">[1, 1]</P>
        <P Name="Position">[310, 139, 385, 191]</P>
        <P Name="ZOrder">6</P>
        <P Name="LibraryVersion">1.592</P>
        <P Name="SourceBlock">commdigbbndpm3/M-PSK
Modulator
Baseband</P>
        <P Name="SourceType">M-PSK Modulator Baseband</P>
        <InstanceData>
          <P Name="M">M</P>
          <P Name="InType">Integer</P>
          <P Name="Enc">Gray</P>
          <P Name="Mapping">[0:7]</P>
          <P Name="Ph">0</P>
          <P Name="outDtype">double</P>
          <P Name="outWordLen">16</P>
          <P Name="outUDDataType">sfix(16)</P>
          <P Name="outFracLenMode">Best precision</P>
          <P Name="outFracLen">15</P>
          <P Name="outDataTypeStr">double</P>
          <P Name="outLastDataTypeStr">double</P>
        </InstanceData>
      </Block>
      <Block BlockType="Reference" Name="Raised Cosine&#xA;Receive Filter" SID="6">
        <P Name="Ports">[1, 1]</P>
        <P Name="Position">[675, 144, 755, 186]</P>
        <P Name="ZOrder">10</P>
        <P Name="LibraryVersion">1.778</P>
        <P Name="SourceBlock">commfilt2/Raised Cosine
Receive Filter</P>
        <P Name="SourceType">Raised Cosine Receive Filter</P>
        <InstanceData>
          <P Name="ContentPreviewEnabled">off</P>
          <P Name="filtType">Square root</P>
          <P Name="R">0.7</P>
          <P Name="filtSpan">10</P>
          <P Name="N">8</P>
          <P Name="downFactor">8</P>
          <P Name="downOffset">0</P>
          <P Name="filterGain">1</P>
          <P Name="InputProcessing">Columns as channels (frame based)</P>
          <P Name="RateOptions">Enforce single-rate processing</P>
          <P Name="framing">Mute</P>
          <P Name="checkCoeff">off</P>
          <P Name="variableName">rcRxFilt</P>
          <P Name="currentFiltSpan">10</P>
          <P Name="D">5</P>
          <P Name="inputOffset">0</P>
          <P Name="sampMode">Mute</P>
          <P Name="saveAsFlag">0</P>
          <P Name="rateMode">Downsampling</P>
          <P Name="checkGain">Normalized</P>
          <P Name="launchFVT">on</P>
          <P Name="roundingMode">Floor</P>
          <P Name="overflowMode">off</P>
          <P Name="coeffMode">Same word length as input</P>
          <P Name="coeffWordLength">16</P>
          <P Name="coeffFracLength">15</P>
          <P Name="coeffDataTypeStr">Inherit: Same word length as input</P>
          <P Name="coeffMin">[]</P>
          <P Name="coeffMax">[]</P>
          <P Name="coeffLastDataTypeStr">Inherit: Same word length as input</P>
          <P Name="prodOutputMode">Same as input</P>
          <P Name="prodOutputWordLength">32</P>
          <P Name="prodOutputFracLength">30</P>
          <P Name="prodOutputDataTypeStr">Inherit: Same as input</P>
          <P Name="prodOutputLastDataTypeStr">Inherit: Same as input</P>
          <P Name="accumMode">Same as product output</P>
          <P Name="accumWordLength">32</P>
          <P Name="accumFracLength">30</P>
          <P Name="accumDataTypeStr">Inherit: Same as product output</P>
          <P Name="accumLastDataTypeStr">Inherit: Same as product output</P>
          <P Name="outputMode">Same as accumulator</P>
          <P Name="outputWordLength">16</P>
          <P Name="outputFracLength">15</P>
          <P Name="outputDataTypeStr">Inherit: Same as accumulator</P>
          <P Name="outputMin">[]</P>
          <P Name="outputMax">[]</P>
          <P Name="outputLastDataTypeStr">Inherit: Same as accumulator</P>
          <P Name="LockScale">off</P>
        </InstanceData>
      </Block>
      <Block BlockType="Reference" Name="Raised Cosine&#xA;Transmit Filter" SID="5">
        <P Name="Ports">[1, 1]</P>
        <P Name="Position">[420, 144, 500, 186]</P>
        <P Name="ZOrder">9</P>
        <P Name="LibraryVersion">1.778</P>
        <P Name="SourceBlock">commfilt2/Raised Cosine
Transmit Filter</P>
        <P Name="SourceType">Raised Cosine Transmit Filter</P>
        <InstanceData>
          <P Name="ContentPreviewEnabled">off</P>
          <P Name="filtType">Square root</P>
          <P Name="R">0.7</P>
          <P Name="filtSpan">10</P>
          <P Name="N">8</P>
          <P Name="filterGain">1</P>
          <P Name="InputProcessing">Columns as channels (frame based)</P>
          <P Name="RateOptions">Enforce single-rate processing</P>
          <P Name="framing">Mute</P>
          <P Name="checkCoeff">off</P>
          <P Name="variableName">rcTxFilt</P>
          <P Name="checkGain">Normalized</P>
          <P Name="sampMode">Mute</P>
          <P Name="saveAsFlag">0</P>
          <P Name="currentFiltSpan">10</P>
          <P Name="D">(10)/2</P>
          <P Name="launchFVT">on</P>
          <P Name="roundingMode">Floor</P>
          <P Name="overflowMode">off</P>
          <P Name="coeffMode">Same word length as input</P>
          <P Name="coeffWordLength">16</P>
          <P Name="coeffFracLength">15</P>
          <P Name="coeffDataTypeStr">Inherit: Same word length as input</P>
          <P Name="coeffMin">[]</P>
          <P Name="coeffMax">[]</P>
          <P Name="coeffLastDataTypeStr">Inherit: Same word length as input</P>
          <P Name="prodOutputMode">Inherit via internal rule</P>
          <P Name="prodOutputWordLength">32</P>
          <P Name="prodOutputFracLength">30</P>
          <P Name="prodOutputDataTypeStr">Inherit: Inherit via internal rule</P>
          <P Name="prodOutputLastDataTypeStr">Inherit: Inherit via internal rule</P>
          <P Name="accumMode">Inherit via internal rule</P>
          <P Name="accumWordLength">32</P>
          <P Name="accumFracLength">30</P>
          <P Name="accumDataTypeStr">Inherit: Inherit via internal rule</P>
          <P Name="accumLastDataTypeStr">Inherit: Inherit via internal rule</P>
          <P Name="outputMode">Same as accumulator</P>
          <P Name="outputWordLength">16</P>
          <P Name="outputFracLength">15</P>
          <P Name="outputDataTypeStr">Inherit: Same as accumulator</P>
          <P Name="outputMin">[]</P>
          <P Name="outputMax">[]</P>
          <P Name="outputLastDataTypeStr">Inherit: Same as accumulator</P>
          <P Name="LockScale">off</P>
        </InstanceData>
      </Block>
      <Block BlockType="Reference" Name="Random Integer&#xA;Generator" SID="1">
        <P Name="Ports">[0, 1]</P>
        <P Name="Position">[165, 142, 245, 188]</P>
        <P Name="ZOrder">5</P>
        <P Name="LibraryVersion">1.133</P>
        <P Name="SourceBlock">commrandsrc3/Random Integer
Generator</P>
        <P Name="SourceType">Random Integer Generator</P>
        <InstanceData>
          <P Name="SetSize">M</P>
          <P Name="SeedSource">Parameter</P>
          <P Name="Seed">37</P>
          <P Name="SampleTime">1e-6</P>
          <P Name="SamplesPerFrame">1</P>
          <P Name="OutputDataType">double</P>
          <P Name="SimulateUsing">Interpreted execution</P>
        </InstanceData>
      </Block>
      <Block BlockType="Scope" Name="Scope" SID="13">
        <P Name="Ports">[2]</P>
        <P Name="Position">[1120, 256, 1190, 354]</P>
        <P Name="ZOrder">17</P>
        <P Name="ScopeSpecificationString">Simulink.scopes.TimeScopeBlockCfg(&apos;CurrentConfiguration&apos;, extmgr.ConfigurationSet(extmgr.Configuration(&apos;Core&apos;,&apos;General UI&apos;,true),extmgr.Configuration(&apos;Core&apos;,&apos;Source UI&apos;,true),extmgr.Configuration(&apos;Sources&apos;,&apos;WiredSimulink&apos;,true),extmgr.Configuration(&apos;Visuals&apos;,&apos;Time Domain&apos;,true,&apos;SerializedDisplays&apos;,{struct(&apos;MinYLimReal&apos;,&apos;-0.125&apos;,&apos;MaxYLimReal&apos;,&apos;1.125&apos;,&apos;YLabelReal&apos;,&apos;&apos;,&apos;MinYLimMag&apos;,&apos;0.00000&apos;,&apos;MaxYLimMag&apos;,&apos;1.125&apos;,&apos;LegendVisibility&apos;,&apos;off&apos;,&apos;XGrid&apos;,true,&apos;YGrid&apos;,true,&apos;PlotMagPhase&apos;,false,&apos;AxesColor&apos;,[0 0 0],&apos;AxesTickColor&apos;,[0.686274509803922 0.686274509803922 0.686274509803922],&apos;ColorOrder&apos;,[1 1 0.0666666666666667;0.0745098039215686 0.623529411764706 1;1 0.411764705882353 0.16078431372549;0.392156862745098 0.831372549019608 0.0745098039215686;0.717647058823529 0.274509803921569 1;0.0588235294117647 1 1;1 0.0745098039215686 0.650980392156863],&apos;Title&apos;,&apos;%&lt;SignalLabel&gt;&apos;,&apos;LinePropertiesCache&apos;,{{}},&apos;UserDefinedChannelNames&apos;,{{}},&apos;NumLines&apos;,1,&apos;LineNames&apos;,{{&apos;Unbuffer&apos;}},&apos;ShowContent&apos;,true,&apos;Placement&apos;,1),struct(&apos;MinYLimReal&apos;,&apos;-0.125&apos;,&apos;MaxYLimReal&apos;,&apos;1.125&apos;,&apos;YLabelReal&apos;,&apos;&apos;,&apos;MinYLimMag&apos;,&apos;0&apos;,&apos;MaxYLimMag&apos;,&apos;10&apos;,&apos;LegendVisibility&apos;,&apos;off&apos;,&apos;XGrid&apos;,true,&apos;YGrid&apos;,true,&apos;PlotMagPhase&apos;,false,&apos;AxesColor&apos;,[0 0 0],&apos;AxesTickColor&apos;,[0.686274509803922 0.686274509803922 0.686274509803922],&apos;ColorOrder&apos;,[1 1 0.0666666666666667;0.0745098039215686 0.623529411764706 1;1 0.411764705882353 0.16078431372549;0.392156862745098 0.831372549019608 0.0745098039215686;0.717647058823529 0.274509803921569 1;0.0588235294117647 1 1;1 0.0745098039215686 0.650980392156863],&apos;Title&apos;,&apos;%&lt;SignalLabel&gt;&apos;,&apos;LinePropertiesCache&apos;,{{}},&apos;UserDefinedChannelNames&apos;,{{}},&apos;NumLines&apos;,1,&apos;LineNames&apos;,{{&apos;Unbuffer1&apos;}},&apos;ShowContent&apos;,true,&apos;Placement&apos;,2)},&apos;DisplayPropertyDefaults&apos;,struct(&apos;YLabelReal&apos;,&apos;&apos;,&apos;LegendVisibility&apos;,&apos;off&apos;,&apos;XGrid&apos;,true,&apos;YGrid&apos;,true,&apos;PlotMagPhase&apos;,false,&apos;AxesColor&apos;,[0 0 0],&apos;AxesTickColor&apos;,[0.686274509803922 0.686274509803922 0.686274509803922],&apos;ColorOrder&apos;,[0.0745098039215686 0.623529411764706 1;1 0.411764705882353 0.16078431372549;1 1 0.0666666666666667;0.717647058823529 0.274509803921569 1;0.392156862745098 0.831372549019608 0.0745098039215686;0.0588235294117647 1 1;1 0.0745098039215686 0.650980392156863]),&apos;DisplayLayoutDimensions&apos;,[2 1],&apos;DisplayContentCache&apos;,[]),extmgr.Configuration(&apos;Tools&apos;,&apos;Plot Navigation&apos;,true,&apos;OnceAtStop&apos;,false,&apos;PreviousAutoscale&apos;,&apos;XY&apos;),extmgr.Configuration(&apos;Tools&apos;,&apos;Measurements&apos;,true,&apos;Version&apos;,&apos;2016a&apos;)),&apos;Version&apos;,&apos;2016a&apos;,&apos;Position&apos;,[1 41 1366 651])</P>
        <P Name="NumInputPorts">2</P>
      </Block>
      <Block BlockType="Unbuffer" Name="Unbuffer" SID="15">
        <P Name="Ports">[1, 1]</P>
        <P Name="Position">[950, 255, 1000, 305]</P>
        <P Name="ZOrder">19</P>
        <P Name="SampleBasedProcessing">Same as frame based</P>
      </Block>
      <Block BlockType="Unbuffer" Name="Unbuffer1" SID="16">
        <P Name="Ports">[1, 1]</P>
        <P Name="Position">[1010, 305, 1060, 355]</P>
        <P Name="ZOrder">20</P>
        <P Name="SampleBasedProcessing">Same as frame based</P>
      </Block>
      <Block BlockType="Reference" Name="Variance" SID="14">
        <P Name="Ports">[1, 1]</P>
        <P Name="Position">[565, 448, 640, 482]</P>
        <P Name="ZOrder">18</P>
        <P Name="LibraryVersion">1.543</P>
        <P Name="UserDataPersistent">on</P>
        <P Name="UserData" Ref="bdmxdata:UserData_14"></P>
        <P Name="SourceBlock">dspstat3/Variance</P>
        <P Name="SourceType">Variance</P>
        <InstanceData>
          <P Name="run">off</P>
          <P Name="reset_popup">None</P>
          <P Name="InputProcessing">Columns as channels (frame based)</P>
          <P Name="directionMode">Each column</P>
          <P Name="dimension">1</P>
          <P Name="roiEnable">off</P>
          <P Name="roiType">Rectangles</P>
          <P Name="roiPortion">Entire ROI</P>
          <P Name="roiOutput">Individual statistics for each ROI</P>
          <P Name="roiFlag">off</P>
          <P Name="additionalParams">off</P>
          <P Name="allowOverrides">on</P>
          <P Name="outputMode">Same as input-squared product</P>
          <P Name="outputWordLength">32</P>
          <P Name="outputFracLength">30</P>
          <P Name="accumMode">Same as input-squared product</P>
          <P Name="accumWordLength">32</P>
          <P Name="accumFracLength">30</P>
          <P Name="prodOutputMode">Same as input</P>
          <P Name="prodOutputWordLength">32</P>
          <P Name="prodOutputFracLength">30</P>
          <P Name="memoryMode">Same as input-squared product</P>
          <P Name="memoryWordLength">32</P>
          <P Name="memoryFracLength">30</P>
          <P Name="roundingMode">Floor</P>
          <P Name="overflowMode">off</P>
          <P Name="LockScale">off</P>
        </InstanceData>
      </Block>
      <Block BlockType="Reference" Name="Variance1" SID="17">
        <P Name="Ports">[1, 1]</P>
        <P Name="Position">[670, 393, 745, 427]</P>
        <P Name="ZOrder">21</P>
        <P Name="LibraryVersion">1.543</P>
        <P Name="UserDataPersistent">on</P>
        <P Name="UserData" Ref="bdmxdata:UserData_17"></P>
        <P Name="SourceBlock">dspstat3/Variance</P>
        <P Name="SourceType">Variance</P>
        <InstanceData>
          <P Name="run">off</P>
          <P Name="reset_popup">None</P>
          <P Name="InputProcessing">Columns as channels (frame based)</P>
          <P Name="directionMode">Each column</P>
          <P Name="dimension">1</P>
          <P Name="roiEnable">off</P>
          <P Name="roiType">Rectangles</P>
          <P Name="roiPortion">Entire ROI</P>
          <P Name="roiOutput">Individual statistics for each ROI</P>
          <P Name="roiFlag">off</P>
          <P Name="additionalParams">off</P>
          <P Name="allowOverrides">on</P>
          <P Name="outputMode">Same as input-squared product</P>
          <P Name="outputWordLength">32</P>
          <P Name="outputFracLength">30</P>
          <P Name="accumMode">Same as input-squared product</P>
          <P Name="accumWordLength">32</P>
          <P Name="accumFracLength">30</P>
          <P Name="prodOutputMode">Same as input</P>
          <P Name="prodOutputWordLength">32</P>
          <P Name="prodOutputFracLength">30</P>
          <P Name="memoryMode">Same as input-squared product</P>
          <P Name="memoryWordLength">32</P>
          <P Name="memoryFracLength">30</P>
          <P Name="roundingMode">Floor</P>
          <P Name="overflowMode">off</P>
          <P Name="LockScale">off</P>
        </InstanceData>
      </Block>
      <Line>
        <P Name="ZOrder">3</P>
        <P Name="Src">5#out:1</P>
        <P Name="Points">[15, 0]</P>
        <Branch>
          <P Name="ZOrder">17</P>
          <P Name="Points">[0, 150]</P>
          <Branch>
            <P Name="ZOrder">28</P>
            <P Name="Points">[0, 150]</P>
            <P Name="Dst">14#in:1</P>
          </Branch>
          <Branch>
            <P Name="ZOrder">27</P>
            <P Name="Dst">12#in:1</P>
          </Branch>
        </Branch>
        <Branch>
          <P Name="ZOrder">16</P>
          <P Name="Dst">4#in:1</P>
        </Branch>
      </Line>
      <Line>
        <P Name="ZOrder">5</P>
        <P Name="Src">6#out:1</P>
        <P Name="Points">[11, 0]</P>
        <Branch>
          <P Name="ZOrder">12</P>
          <P Name="Points">[0, 150]</P>
          <P Name="Dst">9#in:1</P>
        </Branch>
        <Branch>
          <P Name="ZOrder">11</P>
          <P Name="Dst">3#in:1</P>
        </Branch>
      </Line>
      <Line>
        <P Name="ZOrder">6</P>
        <P Name="Src">3#out:1</P>
        <P Name="Points">[13, 0]</P>
        <Branch>
          <P Name="ZOrder">21</P>
          <P Name="Points">[0, 165]</P>
          <Branch>
            <P Name="ZOrder">42</P>
            <P Name="Points">[0, 105]</P>
            <P Name="Dst">22#in:2</P>
          </Branch>
          <Branch>
            <P Name="ZOrder">41</P>
            <P Name="Dst">16#in:1</P>
          </Branch>
        </Branch>
        <Branch>
          <P Name="ZOrder">20</P>
          <P Name="Dst">7#in:2</P>
        </Branch>
      </Line>
      <Line>
        <P Name="ZOrder">13</P>
        <P Name="Src">7#out:1</P>
        <P Name="Dst">10#in:1</P>
      </Line>
      <Line>
        <P Name="ZOrder">23</P>
        <P Name="Src">15#out:1</P>
        <P Name="Dst">13#in:1</P>
      </Line>
      <Line>
        <P Name="ZOrder">24</P>
        <P Name="Src">16#out:1</P>
        <P Name="Dst">13#in:2</P>
      </Line>
      <Line>
        <P Name="ZOrder">25</P>
        <P Name="Src">14#out:1</P>
        <P Name="Dst">18#in:1</P>
      </Line>
      <Line>
        <P Name="ZOrder">26</P>
        <P Name="Src">17#out:1</P>
        <P Name="Dst">19#in:1</P>
      </Line>
      <Line>
        <P Name="ZOrder">4</P>
        <P Name="Src">4#out:1</P>
        <P Name="Points">[22, 0]</P>
        <Branch>
          <P Name="ZOrder">15</P>
          <P Name="Points">[0, 150]</P>
          <Branch>
            <P Name="ZOrder">33</P>
            <P Name="Points">[0, 95]</P>
            <P Name="Dst">17#in:1</P>
          </Branch>
          <Branch>
            <P Name="ZOrder">32</P>
            <P Name="Dst">11#in:1</P>
          </Branch>
        </Branch>
        <Branch>
          <P Name="ZOrder">14</P>
          <P Name="Dst">6#in:1</P>
        </Branch>
      </Line>
      <Line>
        <P Name="ZOrder">43</P>
        <P Name="Src">22#out:1</P>
        <P Name="Points">[5, 0]</P>
        <P Name="Dst">23#in:1</P>
      </Line>
      <Line>
        <P Name="ZOrder">2</P>
        <P Name="Src">2#out:1</P>
        <P Name="Points">[15, 0]</P>
        <Branch>
          <P Name="ZOrder">10</P>
          <P Name="Points">[0, 150]</P>
          <P Name="Dst">8#in:1</P>
        </Branch>
        <Branch>
          <P Name="ZOrder">9</P>
          <P Name="Dst">5#in:1</P>
        </Branch>
      </Line>
      <Line>
        <P Name="ZOrder">53</P>
        <P Name="Src">1#out:1</P>
        <P Name="Points">[31, 0]</P>
        <Branch>
          <P Name="ZOrder">8</P>
          <P Name="Points">[0, -43; 631, 0; 0, 18]</P>
          <Branch>
            <P Name="ZOrder">22</P>
            <P Name="Points">[-1, 0; 0, 140]</P>
            <Branch>
              <P Name="ZOrder">40</P>
              <P Name="Points">[0, 135]</P>
              <P Name="Dst">22#in:1</P>
            </Branch>
            <Branch>
              <P Name="ZOrder">39</P>
              <P Name="Dst">15#in:1</P>
            </Branch>
          </Branch>
          <Branch>
            <P Name="ZOrder">18</P>
            <P Name="Dst">7#in:1</P>
          </Branch>
        </Branch>
        <Branch>
          <P Name="ZOrder">7</P>
          <P Name="Dst">2#in:1</P>
        </Branch>
      </Line>
    </System>
  </Model>
</ModelInformation>
